{
  "experts": [
    "Ekspert 1"
  ],
  "criteria": [
    "Kryterium 1",
    "Kryterium 2",
    "Kryterium 3",
    "Kryterium 4",
    "Kryterium 5"
  ],
  "alternatives": [
    "Alternatywa 1",
    "Alternatywa 2",
    "Alternatywa 3"
  ],
  "matrices": {
    "Ekspert 1": {
      "criteria": [
        [
          1,
          2,
          0.25,
          0.2,
          2
        ],
        [
          0.5,
          1,
          0.2,
          0.16666666666666666,
          0.3333333333333333
        ],
        [
          4,
          5,
          1,
          1,
          4
        ],
        [
          5,
          6,
          1,
          1,
          3
        ],
        [
          0.5,
          3,
          0.25,
          0.3333333333333333,
          1
        ]
      ],
      "alternatives": {
        "Kryterium 1": [
          [
            1,
            0.3333333333333333,
            1
          ],
          [
            3,
            1,
            2
          ],
          [
            1,
            0.5,
            1
          ]
        ],
        "Kryterium 2": [
          [
            1,
            4,
            2
          ],
          [
            0.25,
            1,
            0.2
          ],
          [
            0.5,
            5,
            1
          ]
        ],
        "Kryterium 3": [
          [
            1,
            0.3333333333333333,
            4
          ],
          [
            3,
            1,
            5
          ],
          [
            0.25,
            0.2,
            1
          ]
        ],
        "Kryterium 4": [
          [
            1,
            3,
            0.2
          ],
          [
            0.3333333333333333,
            1,
            0.14285714285714285
          ],
          [
            5,
            7,
            1
          ]
        ],
        "Kryterium 5": [
          [
            1,
            7,
            1
          ],
          [
            0.14285714285714285,
            1,
            0.3333333333333333
          ],
          [
            1,
            3,
            1
          ]
        ]
      }
    }
  },
  "timestamp": "2024-12-13T17:39:05.220Z"
}